"ID","Response_type","Sequence","Protein","Gene","sequence_len","gene_start","gene_stop","protein_start"
"MIAQYTSAL_S","CD8","MIAQYTSAL","Spike","Spike",8,869,877,869
"SPRWYFYYL_N","CD8","SPRWYFYYL","N","N",8,105,113,105
"VRIIMRLWL_ORF3","CD8","VRIIMRLWL","ORF3a","ORF3a",8,121,129,121
"YFTSDYYQL_ORF3","CD8","YFTSDYYQL","ORF3a","ORF3a",8,206,214,206
"FTSDYYQLY_ORF3","CD8","FTSDYYQLY","ORF3a","ORF3a",8,207,215,207
"LLTDEMIAQY_S","CD8","LLTDEMIAQY","Spike","Spike",9,864,873,864
"VATSRTLSYY_M","CD8","VATSRTLSYY","M","M",9,170,179,170
"VDDPCPIHFY_ORF8","CD8","VDDPCPIHFY","ORF8","ORF8",9,33,42,33
"YFTSDYYQLY_ORF3","CD8","YFTSDYYQLY","ORF3a","ORF3a",9,206,215,206
"LVKPSFYVY_E","CD8","LVKPSFYVY","E","E",8,51,59,51
"IYKTPPIKDF_S","CD8","IYKTPPIKDF","Spike","Spike",9,788,797,788
"LTDEMIAQY_S","CD8","LTDEMIAQY","Spike","Spike",8,865,873,865
"RFDNPVLPF_S","CD8","RFDNPVLPF","Spike","Spike",8,78,86,78
"KCYGVSPTK_S","CD8","KCYGVSPTK","Spike","Spike",8,378,386,378
"KTFPPTEPK_N","CD8","KTFPPTEPK","N","N",8,361,369,361
"AYANRNRFL_M","CD8","AYANRNRFL","M","M",8,38,46,38
"DYYQLYSTQL_ORF3","CD8","DYYQLYSTQL","ORF3a","ORF3a",9,210,219,210
"TQDLFLPFF_S","CD8","TQDLFLPFF","Spike","Spike",8,51,59,51
"YYQLYSTQL_ORF3","CD8","YYQLYSTQL","ORF3a","ORF3a",8,211,219,211
"HPLADNKFAL_ORF7","CD8","HPLADNKFAL","ORF7a","ORF7a",9,47,56,47
"LPQGFSAL_S","CD8","LPQGFSAL","Spike","Spike",7,216,223,216
"NRFLYIIKL_M","CD8","NRFLYIIKL","M","M",8,43,51,43
"SFNPETNIL_M","CD8","SFNPETNIL","M","M",8,111,119,111
"FTSDYYQLY_ORF3","CD8","FTSDYYQLY","ORF3a","ORF3a",8,207,215,207
"QSASKIITL_ORF3","CD8","QSASKIITL","ORF3a","ORF3a",8,57,65,57
"CRSKNPLLY_ORF3","CD8","CRSKNPLLY","ORF3a","ORF3a",8,133,141,133
"TYVPAQEKNFT_S","CD8","TYVPAQEKNFT","Spike","Spike",10,1066,1076,1066
"SPRWYFYYL_N","CD8","SPRWYFYYL","N","N",8,105,113,105
"ALSKGVHFV_ORF3","CD8","ALSKGVHFV","ORF3a","ORF3a",8,72,80,72
"NLLLLFVTV_ORF3","CD8","NLLLLFVTV","ORF3a","ORF3a",8,82,90,82
"NPLLYDANYFL_ORF3","CD8","NPLLYDANYFL","ORF3a","ORF3a",10,137,147,137
"NLLLLFVTV_ORF3","CD8","NLLLLFVTV","ORF3a","ORF3a",8,82,90,82
"AADLDDFSKQL_N","CD8","AADLDDFSKQL","N","N",10,397,407,397
"FIAGLIAIV_S","CD8","FIAGLIAIV","Spike","Spike",8,1220,1228,1220
"FLGIITTV_ORF8","CD8","FLGIITTV","ORF8","ORF8",7,6,13,6
"HLMSFPQSA_S","CD8","HLMSFPQSA","Spike","Spike",8,1048,1056,1048
"SFELLHAPATV_S","CD8","SFELLHAPATV","Spike","Spike",10,514,524,514
"VLNDILSRL_S","CD8","VLNDILSRL","Spike","Spike",8,976,984,976
"VVFLHVTYV_S","CD8","VVFLHVTYV","Spike","Spike",8,1060,1068,1060
"CVADYSVLY_S","CD8","CVADYSVLY","Spike","Spike",8,361,369,361
"FAYANRNRF_M","CD8","FAYANRNRF","M","M",8,37,45,37
"LLKEPCSSGTY_ORF7","CD8","LLKEPCSSGTY","ORF7a","ORF7a",10,30,40,30
"LLNKHIDAY_N","CD8","LLNKHIDAY","N","N",8,352,360,352
"LVKNKCVNF_S","CD8","LVKNKCVNF","Spike","Spike",8,533,541,533
"RVAGDSGFAAY_M","CD8","RVAGDSGFAAY","M","M",10,186,196,186
"VASQSIIAY_S","CD8","VASQSIIAY","Spike","Spike",8,687,695,687
"SPRWYFYYL_N","CD8","SPRWYFYYL","N","N",8,105,113,105
"FLPFFSNV_S","CD8","FLPFFSNV","Spike","Spike",7,55,62,55
"SPRWYFYYL_N","CD8","SPRWYFYYL","N","N",8,105,113,105
"FYAYLRKHF_ORF1","CD8","FYAYLRKHF","nsp12","ORF1b",8,736,744,736
"LEIPRRNVATL_ORF1","CD8","LEIPRRNVATL","nsp13","ORF1b",10,1513,1523,591
"FYYVWKSY_ORF1","CD8","FYYVWKSY","nsp3","ORF1a",7,2390,2397,1573
"LRIMASLVL_ORF1","CD8","LRIMASLVL","nsp12","ORF1b",8,621,629,621
"LYLQYIRKL_ORF1","CD8","LYLQYIRKL","nsp12","ORF1b",8,874,882,874
"SLRPDTRYVL_ORF1","CD8","SLRPDTRYVL","nsp4","ORF1a",9,2947,2956,185
"AAISDYDYY_ORF1","CD8","AAISDYDYY","nsp12","ORF1b",8,439,447,439
"CTDDNALAYY_ORF1","CD8","CTDDNALAYY","nsp9","ORF1a",9,4163,4172,24
"FTCASEYTGNY_ORF1","CD8","FTCASEYTGNY","nsp3","ORF1a",10,1821,1831,1004
"HTTDPSFLGRY_ORF1","CD8","HTTDPSFLGRY","nsp3","ORF1a",10,1636,1646,819
"PTDNYITTY_ORF1","CD8","PTDNYITTY","nsp3","ORF1a",8,1321,1329,504
"TDNYITTY_ORF1","CD8","TDNYITTY","nsp3","ORF1a",7,1322,1329,505
"TEIDPKLDNYY_ORF1","CD8","TEIDPKLDNYY","nsp3","ORF1a",10,1890,1900,1073
"TIEVNSFSGY_ORF1","CD8","TIEVNSFSGY","nsp3","ORF1a",9,1022,1031,205
"TITQMNLKY_ORF1","CD8","TITQMNLKY","nsp12","ORF1b",8,529,537,529
"TSSGDATTAY_ORF1","CD8","TSSGDATTAY","nsp12","ORF1b",9,671,680,671
"TTDPSFLGRY_ORF1","CD8","TTDPSFLGRY","nsp3","ORF1a",9,1637,1646,820
"TTDPSFLGRYM_ORF1","CD8","TTDPSFLGRYM","nsp3","ORF1a",10,1637,1647,820
"TTDPSFLGRY_ORF1","CD8","TTDPSFLGRY","nsp3","ORF1a",9,1637,1646,820
"LRVEAFEYY_ORF1","CD8","LRVEAFEYY","nsp3","ORF1a",8,1627,1635,810
"SRVLGLKTL_ORF1","CD8","SRVLGLKTL","nsp3","ORF1a",8,2114,2122,1297
"ARLYYDSMSY_ORF1","CD8","ARLYYDSMSY","nsp12","ORF1b",9,503,512,503
"FYYVWKSYV_ORF1","CD8","FYYVWKSYV","nsp3","ORF1a",8,2390,2398,1573
"YRYNLPTM_ORF1","CD8","YRYNLPTM","nsp12","ORF1b",7,447,454,447
"TTDPSFLGRY_ORF1","CD8","TTDPSFLGRY","nsp3","ORF1a",9,1637,1646,820
"FAIGLALYY_ORF1","CD8","FAIGLALYY","nsp13","ORF1b",8,1214,1222,292
"MFVKHKHAF_ORF1","CD8","MFVKHKHAF","nsp6","ORF1a",8,3627,3635,59
"KLFDRYFKY_ORF1","CD8","KLFDRYFKY","nsp12","ORF1b",8,272,280,272
"DDYQGKPLEF_ORF1","CD8","DDYQGKPLEF","nsp3","ORF1a",9,953,962,136
"DYKHYTPSF_ORF1","CD8","DYKHYTPSF","nsp3","ORF1a",8,1971,1979,1154
"FYAYLRKHF_ORF1","CD8","FYAYLRKHF","nsp12","ORF1b",8,736,744,736
"SFGPLVRKI_ORF1","CD8","SFGPLVRKI","nsp12","ORF1b",8,316,324,316
"SVYYTSNPTTF_ORF1","CD8","SVYYTSNPTTF","nsp3","ORF1a",10,1534,1544,717
"TFISAARQGF_ORF1","CD8","TFISAARQGF","nsp3","ORF1a",9,2632,2641,1815
"VYIGDPAQL_ORF1","CD8","VYIGDPAQL","nsp13","ORF1b",8,1320,1328,398
"VYMPASWVM_ORF1","CD8","VYMPASWVM","nsp6","ORF1a",8,3653,3661,85
"YLPYPDPSRIL_ORF1","CD8","YLPYPDPSRIL","nsp12","ORF1b",10,819,829,819
"YYPSARIVY_ORF1","CD8","YYPSARIVY","nsp13","ORF1b",8,1221,1229,299
"YYTSNPTTF_ORF1","CD8","YYTSNPTTF","nsp3","ORF1a",8,1536,1544,719
"YYTSNPTTFHL_ORF1","CD8","YYTSNPTTFHL","nsp3","ORF1a",10,1536,1546,719
"NLKTLLSL_ORF1","CD8","NLKTLLSL","nsp3","ORF1a",7,1555,1562,738
"SLYVNKHAF_ORF1","CD8","SLYVNKHAF","nsp14","ORF1b",8,1942,1950,419
"YAYLRKHF_ORF1","CD8","YAYLRKHF","nsp12","ORF1b",7,737,744,737
"SAPPAQYEL_ORF1","CD8","SAPPAQYEL","nsp3","ORF1a",8,1808,1816,991
"CTEIDPKLDNY_ORF1","CD8","CTEIDPKLDNY","nsp3","ORF1a",10,1889,1899,1072
"LGDVRETMSY_ORF1","CD8","LGDVRETMSY","nsp3","ORF1a",9,1725,1734,908
"SNSGSDVLY_ORF1","CD8","SNSGSDVLY","nsp4","ORF1a",8,3242,3250,480
"TTDPSFLGRY_ORF1","CD8","TTDPSFLGRY","nsp3","ORF1a",9,1637,1646,820
"TTDPSFLGRYM_ORF1","CD8","TTDPSFLGRYM","nsp3","ORF1a",10,1637,1647,820
"FYYVWKSYV_ORF1","CD8","FYYVWKSYV","nsp3","ORF1a",8,2390,2398,1573
"NSFSGYLKL_ORF1","CD8","NSFSGYLKL","nsp3","ORF1a",8,1026,1034,209
"CTEIDPKLDNY_ORF1","CD8","CTEIDPKLDNY","nsp3","ORF1a",10,1889,1899,1072
"TTDPSFLGRY_ORF1","CD8","TTDPSFLGRY","nsp3","ORF1a",9,1637,1646,820
"TTDPSFLGRYM_ORF1","CD8","TTDPSFLGRYM","nsp3","ORF1a",10,1637,1647,820
"NINLHTQVV_ORF1","CD8","NINLHTQVV","nsp3","ORF1a",8,1576,1584,759
"YFVVKRHTF_ORF1","CD8","YFVVKRHTF","nsp12","ORF1b",8,60,68,60
"FYYVWKSYV_ORF1","CD8","FYYVWKSYV","nsp3","ORF1a",8,2390,2398,1573
"LRKHFSMMI_ORF1","CD8","LRKHFSMMI","nsp12","ORF1b",8,740,748,740
"TFTYASALW_ORF1","CD8","TFTYASALW","nsp8","ORF1a",8,4088,4096,147
"SALWEIQQVV_ORF1","CD8","SALWEIQQVV","nsp8","ORF1a",9,4093,4102,152
"SLRPDTRYVL_ORF1","CD8","SLRPDTRYVL","nsp4","ORF1a",9,2947,2956,185
"RTIKVFTTV_ORF1","CD8","RTIKVFTTV","nsp3","ORF1a",8,1566,1574,749
"SLLSVLLSM_ORF1","CD8","SLLSVLLSM","nsp7","ORF1a",8,3913,3921,55
"ELDERIDKV_ORF1","CD8","ELDERIDKV","nsp3","ORF1a",8,844,852,27
"FLAHIQWMV_ORF1","CD8","FLAHIQWMV","nsp4","ORF1a",8,3122,3130,360
"FLARGIVFM_ORF1","CD8","FLARGIVFM","nsp6","ORF1a",8,3753,3761,185
"KLNVGDYFV_ORF1","CD8","KLNVGDYFV","nsp13","ORF1b",8,1141,1149,219
"KLSYGIATV_ORF1","CD8","KLSYGIATV","nsp13","ORF1b",8,1069,1077,147
"KLVNKFLAL_ORF1","CD8","KLVNKFLAL","nsp2","ORF1a",8,680,688,501
"KNLSDRVVFV_ORF1","CD8","KNLSDRVVFV","nsp14","ORF1b",9,1699,1708,176
"KQGDDYVYL_ORF1","CD8","KQGDDYVYL","nsp12","ORF1b",8,812,820,812
"LFLLPSLATV_ORF1","CD8","LFLLPSLATV","nsp6","ORF1a",9,3638,3647,70
"NLYDKLVSSFL_ORF1","CD8","NLYDKLVSSFL","nsp3","ORF1a",10,1181,1191,364
"RTIKVFTTV_ORF1","CD8","RTIKVFTTV","nsp3","ORF1a",8,1566,1574,749
"SLDTYPSLETI_ORF1","CD8","SLDTYPSLETI","nsp3","ORF1a",10,2297,2307,1480
"YLYFIKGLNNL_ORF1","CD8","YLYFIKGLNNL","nsp9","ORF1a",10,4227,4237,88
"YMHHMELPTGV_ORF1","CD8","YMHHMELPTGV","nsp5","ORF1a",10,3424,3434,162
"FVVEVVDKY_ORF1","CD8","FVVEVVDKY","nsp12","ORF1b",8,462,470,462
"HVGEIPVAY_ORF1","CD8","HVGEIPVAY","nsp1","ORF1a",8,110,118,110
"KIEELFYSY_ORF1","CD8","KIEELFYSY","nsp14","ORF1b",8,1886,1894,363
"KMADQAMTQMY_ORF1","CD8","KMADQAMTQMY","nsp8","ORF1a",10,4003,4013,62
"LMVVIPDYNTY_ORF1","CD8","LMVVIPDYNTY","nsp8","ORF1a",10,4070,4080,129
"RPQIGVVREF_ORF1","CD8","RPQIGVVREF","nsp13","ORF1b",9,1413,1422,491
"TICAPLTVF_ORF1","CD8","TICAPLTVF","nsp15","ORF1b",8,2165,2173,115
"VLNEKCSAY_ORF1","CD8","VLNEKCSAY","nsp3","ORF1a",8,852,860,35
"YLITPVHVM_ORF1","CD8","YLITPVHVM","nsp4","ORF1a",8,2788,2796,26
"YLKLTDNVY_ORF1","CD8","YLKLTDNVY","nsp3","ORF1a",8,1031,1039,214
"FYYVWKSYV_ORF1","CD8","FYYVWKSYV","nsp3","ORF1a",8,2390,2398,1573
"SLDTYPSLETI_ORF1","CD8","SLDTYPSLETI","nsp3","ORF1a",10,2297,2307,1480
"ALRKVPTDNY_ORF1","CD8","ALRKVPTDNY","nsp3","ORF1a",9,1316,1325,499
"KQFDTYNLW_ORF1","CD8","KQFDTYNLW","nsp14","ORF1b",8,2036,2044,513
"VVQQLPETY_ORF1","CD8","VVQQLPETY","nsp15","ORF1b",8,2236,2244,186
"YLITPVHVM_ORF1","CD8","YLITPVHVM","nsp4","ORF1a",8,2788,2796,26
