"ID","Response_type","Sequence","Protein","Gene","sequence_len","gene_start","gene_stop","protein_start","pep_positions"
"KLGSLVVRC_ORF8","CD8","KLGSLVVRC","ORF8","ORF8",9,94,102,94,"94,95,96,97,98,99,100,101,102"
"KLPDDFTGCV_S","CD8","KLPDDFTGCV","Spike","Spike",10,424,433,424,"424,425,426,427,428,429,430,431,432,433"
"RLDKVEAEV_S","CD8","RLDKVEAEV","Spike","Spike",9,983,991,983,"983,984,985,986,987,988,989,990,991"
"RLDKVEAEVQI_S","CD8","RLDKVEAEVQI","Spike","Spike",11,983,993,983,"983,984,985,986,987,988,989,990,991,992,993"
"APFLYLYAL_ORF3","CD8","APFLYLYAL","ORF3a","ORF3a",9,103,111,103,"103,104,105,106,107,108,109,110,111"
"APHGVVFLHV_S","CD8","APHGVVFLHV","Spike","Spike",10,1056,1065,1056,"1056,1057,1058,1059,1060,1061,1062,1063,1064,1065"
"APSASAFFGM_N","CD8","APSASAFFGM","N","N",10,308,317,308,"308,309,310,311,312,313,314,315,316,317"
"EPKLGSLVV_ORF8","CD8","EPKLGSLVV","ORF8","ORF8",9,92,100,92,"92,93,94,95,96,97,98,99,100"
"EPVLKGVKL_S","CD8","EPVLKGVKL","Spike","Spike",9,1262,1270,1262,"1262,1263,1264,1265,1266,1267,1268,1269,1270"
"FPREGVFV_S","CD8","FPREGVFV","Spike","Spike",8,1089,1096,1089,"1089,1090,1091,1092,1093,1094,1095,1096"
"LPQGFSAL_S","CD8","LPQGFSAL","Spike","Spike",8,216,223,216,"216,217,218,219,220,221,222,223"
"LPQGFSALEPL_S","CD8","LPQGFSALEPL","Spike","Spike",11,216,226,216,"216,217,218,219,220,221,222,223,224,225,226"
"SPRWYFYYL_N","CD8","SPRWYFYYL","N","N",9,105,113,105,"105,106,107,108,109,110,111,112,113"
"QYIKWPWYI_S","CD8","QYIKWPWYI","Spike","Spike",9,1208,1216,1208,"1208,1209,1210,1211,1212,1213,1214,1215,1216"
"YVYSRVKNL_E","CD8","YVYSRVKNL","E","E",9,57,65,57,"57,58,59,60,61,62,63,64,65"
"MKDLSPRWY_N","CD8","MKDLSPRWY","N","N",9,101,109,101,"101,102,103,104,105,106,107,108,109"
"IYDEPTTTT_ORF3","CD8","IYDEPTTTT","ORF3a","ORF3a",9,263,271,263,"263,264,265,266,267,268,269,270,271"
"ELLHAPATV_S","CD8","ELLHAPATV","Spike","Spike",9,516,524,516,"516,517,518,519,520,521,522,523,524"
"FVLAAVYRI_M","CD8","FVLAAVYRI","M","M",9,65,73,65,"65,66,67,68,69,70,71,72,73"
"HLMSFPQSA_S","CD8","HLMSFPQSA","Spike","Spike",9,1048,1056,1048,"1048,1049,1050,1051,1052,1053,1054,1055,1056"
"HLVDFQVTI_ORF6","CD8","HLVDFQVTI","ORF6","ORF6",9,3,11,3,"3,4,5,6,7,8,9,10,11"
"KLGSLVVRC_ORF8","CD8","KLGSLVVRC","ORF8","ORF8",9,94,102,94,"94,95,96,97,98,99,100,101,102"
"KLPDDFTGCV_S","CD8","KLPDDFTGCV","Spike","Spike",10,424,433,424,"424,425,426,427,428,429,430,431,432,433"
"SFELLHAPATV_S","CD8","SFELLHAPATV","Spike","Spike",11,514,524,514,"514,515,516,517,518,519,520,521,522,523,524"
"VLPFNDGVYFA_S","CD8","VLPFNDGVYFA","Spike","Spike",11,83,93,83,"83,84,85,86,87,88,89,90,91,92,93"
"APHGVVFLHV_S","CD8","APHGVVFLHV","Spike","Spike",10,1056,1065,1056,"1056,1057,1058,1059,1060,1061,1062,1063,1064,1065"
"MIAQYTSAL_S","CD8","MIAQYTSAL","Spike","Spike",9,869,877,869,"869,870,871,872,873,874,875,876,877"
"RVQPTESIVRF_S","CD8","RVQPTESIVRF","Spike","Spike",11,319,329,319,"319,320,321,322,323,324,325,326,327,328,329"
"SPRRARSV_S","CD8","SPRRARSV","Spike","Spike",8,680,687,680,"680,681,682,683,684,685,686,687"
"TPCSFGGVSV_S","CD8","TPCSFGGVSV","Spike","Spike",10,588,597,588,"588,589,590,591,592,593,594,595,596,597"
"TPINLVRDL_S","CD8","TPINLVRDL","Spike","Spike",9,208,216,208,"208,209,210,211,212,213,214,215,216"
"AQFAPSASAF_N","CD8","AQFAPSASAF","N","N",10,305,314,305,"305,306,307,308,309,310,311,312,313,314"
"EYHDVRVVL_ORF8","CD8","EYHDVRVVL","ORF8","ORF8",9,110,118,110,"110,111,112,113,114,115,116,117,118"
"GTITSGWTF_S","CD8","GTITSGWTF","Spike","Spike",9,880,888,880,"880,881,882,883,884,885,886,887,888"
"KFALTCFSTQF_ORF7","CD8","KFALTCFSTQF","ORF7a","ORF7a",11,53,63,53,"53,54,55,56,57,58,59,60,61,62,63"
"RYRIGNYKL_M","CD8","RYRIGNYKL","M","M",9,198,206,198,"198,199,200,201,202,203,204,205,206"
"SYFTSDYYQLY_ORF3","CD8","SYFTSDYYQLY","ORF3a","ORF3a",11,205,215,205,"205,206,207,208,209,210,211,212,213,214,215"
"TFEYVSQPFLM_S","CD8","TFEYVSQPFLM","Spike","Spike",11,167,177,167,"167,168,169,170,171,172,173,174,175,176,177"
"YEQYIKWPWYI_S","CD8","YEQYIKWPWYI","Spike","Spike",11,1206,1216,1206,"1206,1207,1208,1209,1210,1211,1212,1213,1214,1215,1216"
"YYQLYSTQL_ORF3","CD8","YYQLYSTQL","ORF3a","ORF3a",9,211,219,211,"211,212,213,214,215,216,217,218,219"
"CNDPFLGVY_S","CD8","CNDPFLGVY","Spike","Spike",9,136,144,136,"136,137,138,139,140,141,142,143,144"
"FACPDGVKHVY_ORF7","CD8","FACPDGVKHVY","ORF7a","ORF7a",11,65,75,65,"65,66,67,68,69,70,71,72,73,74,75"
"SSANNCTFEY_S","CD8","SSANNCTFEY","Spike","Spike",10,161,170,161,"161,162,163,164,165,166,167,168,169,170"
"STECSNLLLQY_S","CD8","STECSNLLLQY","Spike","Spike",11,746,756,746,"746,747,748,749,750,751,752,753,754,755,756"
"YTNSFTRGVY_S","CD8","YTNSFTRGVY","Spike","Spike",10,28,37,28,"28,29,30,31,32,33,34,35,36,37"
"ALLAVFQSA_ORF3","CD8","ALLAVFQSA","ORF3a","ORF3a",9,51,59,51,"51,52,53,54,55,56,57,58,59"
"FIAGLIAIV_S","CD8","FIAGLIAIV","Spike","Spike",9,1220,1228,1220,"1220,1221,1222,1223,1224,1225,1226,1227,1228"
"KLPDDFTGCV_S","CD8","KLPDDFTGCV","Spike","Spike",10,424,433,424,"424,425,426,427,428,429,430,431,432,433"
"SPRWYFYYL_N","CD8","SPRWYFYYL","N","N",9,105,113,105,"105,106,107,108,109,110,111,112,113"
"LLWPVTLAC_M","CD8","LLWPVTLAC","M","M",9,56,64,56,"56,57,58,59,60,61,62,63,64"
"KKQQTVTLL_N","CD8","KKQQTVTLL","N","N",9,387,395,387,"387,388,389,390,391,392,393,394,395"
"TRFASVYAW_S","CD8","TRFASVYAW","Spike","Spike",9,345,353,345,"345,346,347,348,349,350,351,352,353"
"ITGRLQSLQTY_S","CD8","ITGRLQSLQTY","Spike","Spike",11,997,1007,997,"997,998,999,1000,1001,1002,1003,1004,1005,1006,1007"
"SSANNCTFEY_S","CD8","SSANNCTFEY","Spike","Spike",10,161,170,161,"161,162,163,164,165,166,167,168,169,170"
"STECSNLLLQY_S","CD8","STECSNLLLQY","Spike","Spike",11,746,756,746,"746,747,748,749,750,751,752,753,754,755,756"
"YTNSFTRGVY_S","CD8","YTNSFTRGVY","Spike","Spike",10,28,37,28,"28,29,30,31,32,33,34,35,36,37"
"YTNSFTRGVYY_S","CD8","YTNSFTRGVYY","Spike","Spike",11,28,38,28,"28,29,30,31,32,33,34,35,36,37,38"
"AYANRNRF_M","CD8","AYANRNRF","M","M",8,38,45,38,"38,39,40,41,42,43,44,45"
"FRLFARTRSM_M","CD8","FRLFARTRSM","M","M",10,100,109,100,"100,101,102,103,104,105,106,107,108,109"
"HLRIAGHHL_M","CD8","HLRIAGHHL","M","M",9,148,156,148,"148,149,150,151,152,153,154,155,156"
"KPRQKRTAT_N","CD8","KPRQKRTAT","N","N",9,257,265,257,"257,258,259,260,261,262,263,264,265"
"TFKVSIWNL_ORF6","CD8","TFKVSIWNL","ORF6","ORF6",9,21,29,21,"21,22,23,24,25,26,27,28,29"
"RNRFLYIIKL_M","CD8","RNRFLYIIKL","M","M",10,42,51,42,"42,43,44,45,46,47,48,49,50,51"
"RRGPEQTQGNF_N","CD8","RRGPEQTQGNF","N","N",11,276,286,276,"276,277,278,279,280,281,282,283,284,285,286"
"QSCTQHQPY_ORF8","CD8","QSCTQHQPY","ORF8","ORF8",9,23,31,23,"23,24,25,26,27,28,29,30,31"
"SSANNCTFEY_S","CD8","SSANNCTFEY","Spike","Spike",10,161,170,161,"161,162,163,164,165,166,167,168,169,170"
"STECSNLLLQY_S","CD8","STECSNLLLQY","Spike","Spike",11,746,756,746,"746,747,748,749,750,751,752,753,754,755,756"
"TVATSRTLSY_M","CD8","TVATSRTLSY","M","M",10,169,178,169,"169,170,171,172,173,174,175,176,177,178"
"QYIKWPWYI_S","CD8","QYIKWPWYI","Spike","Spike",9,1208,1216,1208,"1208,1209,1210,1211,1212,1213,1214,1215,1216"
"VGYQPYRVV_S","CD8","VGYQPYRVV","Spike","Spike",9,503,511,503,"503,504,505,506,507,508,509,510,511"
"YQPYRVVVL_S","CD8","YQPYRVVVL","Spike","Spike",9,505,513,505,"505,506,507,508,509,510,511,512,513"
"YVYSRVKNL_E","CD8","YVYSRVKNL","E","E",9,57,65,57,"57,58,59,60,61,62,63,64,65"
"SASFSTFKCY_S","CD8","SASFSTFKCY","Spike","Spike",10,371,380,371,"371,372,373,374,375,376,377,378,379,380"
"SKRVDFCGKGY_S","CD8","SKRVDFCGKGY","Spike","Spike",11,1037,1047,1037,"1037,1038,1039,1040,1041,1042,1043,1044,1045,1046,1047"
"EYHDVRVVLDF_ORF8","CD8","EYHDVRVVLDF","ORF8","ORF8",11,110,120,110,"110,111,112,113,114,115,116,117,118,119,120"
"SWMESEFRV_S","CD8","SWMESEFRV","Spike","Spike",9,151,159,151,"151,152,153,154,155,156,157,158,159"
"ANRNRFLYI_M","CD8","ANRNRFLYI","M","M",9,40,48,40,"40,41,42,43,44,45,46,47,48"
"TLKKRWQLA_ORF3","CD8","TLKKRWQLA","ORF3a","ORF3a",9,64,72,64,"64,65,66,67,68,69,70,71,72"
"ALWEIQQV_ORF1","CD8","ALWEIQQV","nsp8","ORF1a",8,4094,4101,153,"153,154,155,156,157,158,159,160"
"FGDDTVIEV_ORF1","CD8","FGDDTVIEV","nsp3","ORF1a",9,825,833,8,"8,9,10,11,12,13,14,15,16"
"FVDGVPFVV_ORF1","CD8","FVDGVPFVV","nsp12","ORF1b",9,325,333,325,"325,326,327,328,329,330,331,332,333"
"KIFVDGVPFV_ORF1","CD8","KIFVDGVPFV","nsp12","ORF1b",10,323,332,323,"323,324,325,326,327,328,329,330,331,332"
"KLKDCVMYA_ORF1","CD8","KLKDCVMYA","nsp6","ORF1a",9,3678,3686,110,"110,111,112,113,114,115,116,117,118"
"KLNIKLLGV_ORF1","CD8","KLNIKLLGV","nsp6","ORF1a",9,3839,3847,271,"271,272,273,274,275,276,277,278,279"
"KLSYGIATV_ORF1","CD8","KLSYGIATV","nsp13","ORF1b",9,1069,1077,147,"147,148,149,150,151,152,153,154,155"
"RIMTWLDMV_ORF1","CD8","RIMTWLDMV","nsp6","ORF1a",9,3662,3670,94,"94,95,96,97,98,99,100,101,102"
"RLANECAQV_ORF1","CD8","RLANECAQV","nsp12","ORF1b",9,645,653,645,"645,646,647,648,649,650,651,652,653"
"RLIDAMMFT_ORF1","CD8","RLIDAMMFT","nsp2","ORF1a",9,579,587,400,"400,401,402,403,404,405,406,407,408"
"RQLLFVVEV_ORF1","CD8","RQLLFVVEV","nsp12","ORF1b",9,458,466,458,"458,459,460,461,462,463,464,465,466"
"SLLMPILTL_ORF1","CD8","SLLMPILTL","nsp12","ORF1b",9,230,238,230,"230,231,232,233,234,235,236,237,238"
"YNLWNTFTRL_ORF1","CD8","YNLWNTFTRL","nsp14","ORF1b",10,2041,2050,518,"518,519,520,521,522,523,524,525,526,527"
"IQITISSFK_ORF1","CD8","IQITISSFK","nsp3","ORF1a",9,2307,2315,1490,"1490,1491,1492,1493,1494,1495,1496,1497,1498"
"APKEIIFL_ORF1","CD8","APKEIIFL","nsp2","ORF1a",8,735,742,556,"556,557,558,559,560,561,562,563"
"KPRSQMEIDF_ORF1","CD8","KPRSQMEIDF","nsp15","ORF1b",10,2255,2264,205,"205,206,207,208,209,210,211,212,213,214"
"KPYIKWDLL_ORF1","CD8","KPYIKWDLL","nsp12","ORF1b",9,254,262,254,"254,255,256,257,258,259,260,261,262"
"LPYPDPSRIL_ORF1","CD8","LPYPDPSRIL","nsp12","ORF1b",10,820,829,820,"820,821,822,823,824,825,826,827,828,829"
"MPASWVMRI_ORF1","CD8","MPASWVMRI","nsp6","ORF1a",9,3655,3663,87,"87,88,89,90,91,92,93,94,95"
"VPGLPGTIL_ORF1","CD8","VPGLPGTIL","nsp4","ORF1a",9,2866,2874,104,"104,105,106,107,108,109,110,111,112"
"VPHVGEIPV_ORF1","CD8","VPHVGEIPV","nsp1","ORF1a",9,108,116,108,"108,109,110,111,112,113,114,115,116"
"CTDDNALAYY_ORF1","CD8","CTDDNALAYY","nsp9","ORF1a",10,4163,4172,24,"24,25,26,27,28,29,30,31,32,33"
"FSAVGNICY_ORF1","CD8","FSAVGNICY","nsp4","ORF1a",9,2889,2897,127,"127,128,129,130,131,132,133,134,135"
"TTDPSFLGRY_ORF1","CD8","TTDPSFLGRY","nsp3","ORF1a",10,1637,1646,820,"820,821,822,823,824,825,826,827,828,829"
"MPNMLRIMASL_ORF1","CD8","MPNMLRIMASL","nsp12","ORF1b",11,617,627,617,"617,618,619,620,621,622,623,624,625,626,627"
"AHAEETRKL_ORF1","CD8","AHAEETRKL","nsp3","ORF1a",9,1380,1388,563,"563,564,565,566,567,568,569,570,571"
"GRVDGQVDL_ORF1","CD8","GRVDGQVDL","nsp15","ORF1b",9,2176,2184,126,"126,127,128,129,130,131,132,133,134"
"YLITPVHVM_ORF1","CD8","YLITPVHVM","nsp4","ORF1a",9,2788,2796,26,"26,27,28,29,30,31,32,33,34"
"SRYWEPEF_ORF1","CD8","SRYWEPEF","nsp12","ORF1b",8,904,911,904,"904,905,906,907,908,909,910,911"
"TANPKTPKY_ORF1","CD8","TANPKTPKY","nsp5","ORF1a",9,3356,3364,94,"94,95,96,97,98,99,100,101,102"
"VRIQPGQTF_ORF1","CD8","VRIQPGQTF","nsp5","ORF1a",9,3367,3375,105,"105,106,107,108,109,110,111,112,113"
"VYIGDPAQL_ORF1","CD8","VYIGDPAQL","nsp13","ORF1b",9,1320,1328,398,"398,399,400,401,402,403,404,405,406"
"FAIGLALYY_ORF1","CD8","FAIGLALYY","nsp13","ORF1b",9,1214,1222,292,"292,293,294,295,296,297,298,299,300"
"ALWEIQQVV_ORF1","CD8","ALWEIQQVV","nsp8","ORF1a",9,4094,4102,153,"153,154,155,156,157,158,159,160,161"
"FLAHIQWMV_ORF1","CD8","FLAHIQWMV","nsp4","ORF1a",9,3122,3130,360,"360,361,362,363,364,365,366,367,368"
"FLPRVFSAV_ORF1","CD8","FLPRVFSAV","nsp4","ORF1a",9,2884,2892,122,"122,123,124,125,126,127,128,129,130"
"FVNEFYAYL_ORF1","CD8","FVNEFYAYL","nsp12","ORF1b",9,732,740,732,"732,733,734,735,736,737,738,739,740"
"ILGLPTQTV_ORF1","CD8","ILGLPTQTV","nsp13","ORF1b",9,1448,1456,526,"526,527,528,529,530,531,532,533,534"
"ILSPLYAFA_ORF1","CD8","ILSPLYAFA","nsp2","ORF1a",9,529,537,350,"350,351,352,353,354,355,356,357,358"
"KLKDCVMYA_ORF1","CD8","KLKDCVMYA","nsp6","ORF1a",9,3678,3686,110,"110,111,112,113,114,115,116,117,118"
"KLVNKFLAL_ORF1","CD8","KLVNKFLAL","nsp2","ORF1a",9,680,688,501,"501,502,503,504,505,506,507,508,509"
"KLWAQCVQL_ORF1","CD8","KLWAQCVQL","nsp7","ORF1a",9,3886,3894,28,"28,29,30,31,32,33,34,35,36"
"KVDGVDVEL_ORF1","CD8","KVDGVDVEL","nsp15","ORF1b",9,2085,2093,35,"35,36,37,38,39,40,41,42,43"
"KVDGVVQQL_ORF1","CD8","KVDGVVQQL","nsp15","ORF1b",9,2232,2240,182,"182,183,184,185,186,187,188,189,190"
"NLWNTFTRL_ORF1","CD8","NLWNTFTRL","nsp14","ORF1b",9,2042,2050,519,"519,520,521,522,523,524,525,526,527"
"RTIKVFTTV_ORF1","CD8","RTIKVFTTV","nsp3","ORF1a",9,1566,1574,749,"749,750,751,752,753,754,755,756,757"
"SLDTYPSLETI_ORF1","CD8","SLDTYPSLETI","nsp3","ORF1a",11,2297,2307,1480,"1480,1481,1482,1483,1484,1485,1486,1487,1488,1489,1490"
"KPHNSHEGKTF_ORF1","CD8","KPHNSHEGKTF","nsp3","ORF1a",11,1608,1618,791,"791,792,793,794,795,796,797,798,799,800,801"
"LPKGIMMNV_ORF1","CD8","LPKGIMMNV","nsp16","ORF1b",9,2433,2441,37,"37,38,39,40,41,42,43,44,45"
"TPRDLGACI_ORF1","CD8","TPRDLGACI","nsp3","ORF1a",9,2684,2692,1867,"1867,1868,1869,1870,1871,1872,1873,1874,1875"
"VPANSTVL_ORF1","CD8","VPANSTVL","nsp10","ORF1a",8,4260,4267,8,"8,9,10,11,12,13,14,15"
"VPANSTVLSF_ORF1","CD8","VPANSTVLSF","nsp10","ORF1a",10,4260,4269,8,"8,9,10,11,12,13,14,15,16,17"
"VPGLPGTIL_ORF1","CD8","VPGLPGTIL","nsp4","ORF1a",9,2866,2874,104,"104,105,106,107,108,109,110,111,112"
"FYLITPVHV_ORF1","CD8","FYLITPVHV","nsp4","ORF1a",9,2787,2795,25,"25,26,27,28,29,30,31,32,33"
"HLDGEVITF_ORF1","CD8","HLDGEVITF","nsp3","ORF1a",9,1545,1553,728,"728,729,730,731,732,733,734,735,736"
"LYLQYIRKL_ORF1","CD8","LYLQYIRKL","nsp12","ORF1b",9,874,882,874,"874,875,876,877,878,879,880,881,882"
"NRYFRLTL_ORF1","CD8","NRYFRLTL","nsp6","ORF1a",8,3801,3808,233,"233,234,235,236,237,238,239,240"
"NYYKKDNSY_ORF1","CD8","NYYKKDNSY","nsp3","ORF1a",9,1898,1906,1081,"1081,1082,1083,1084,1085,1086,1087,1088,1089"
"SLRPDTRYVL_ORF1","CD8","SLRPDTRYVL","nsp4","ORF1a",10,2947,2956,185,"185,186,187,188,189,190,191,192,193,194"
"AYILFTRFF_ORF1","CD8","AYILFTRFF","nsp3","ORF1a",9,2330,2338,1513,"1513,1514,1515,1516,1517,1518,1519,1520,1521"
"HFISNSWLMW_ORF1","CD8","HFISNSWLMW","nsp3","ORF1a",10,2357,2366,1540,"1540,1541,1542,1543,1544,1545,1546,1547,1548,1549"
"IFFITGNTL_ORF1","CD8","IFFITGNTL","nsp6","ORF1a",9,3768,3776,200,"200,201,202,203,204,205,206,207,208"
"LYQPPQTSI_ORF1","CD8","LYQPPQTSI","nsp4","ORF1a",9,3249,3257,487,"487,488,489,490,491,492,493,494,495"
"PFMIDVQQW_ORF1","CD8","PFMIDVQQW","nsp14","ORF1b",9,1763,1771,240,"240,241,242,243,244,245,246,247,248"
"TYKNTCDGTTF_ORF1","CD8","TYKNTCDGTTF","nsp8","ORF1a",11,4079,4089,138,"138,139,140,141,142,143,144,145,146,147,148"
"VYRGTTTYKL_ORF1","CD8","VYRGTTTYKL","nsp13","ORF1b",10,1133,1142,211,"211,212,213,214,215,216,217,218,219,220"
"YFVVKRHTF_ORF1","CD8","YFVVKRHTF","nsp12","ORF1b",9,60,68,60,"60,61,62,63,64,65,66,67,68"
"VKNGSIHLY_ORF1","CD8","VKNGSIHLY","nsp3","ORF1a",9,2496,2504,1679,"1679,1680,1681,1682,1683,1684,1685,1686,1687"
"CTDDNALAYY_ORF1","CD8","CTDDNALAYY","nsp9","ORF1a",10,4163,4172,24,"24,25,26,27,28,29,30,31,32,33"
"FSAVGNICY_ORF1","CD8","FSAVGNICY","nsp4","ORF1a",9,2889,2897,127,"127,128,129,130,131,132,133,134,135"
"YTGNYQCGHY_ORF1","CD8","YTGNYQCGHY","nsp3","ORF1a",10,1827,1836,1010,"1010,1011,1012,1013,1014,1015,1016,1017,1018,1019"
"SAPPAQYEL_ORF1","CD8","SAPPAQYEL","nsp3","ORF1a",9,1808,1816,991,"991,992,993,994,995,996,997,998,999"
"VRIQPGQTF_ORF1","CD8","VRIQPGQTF","nsp5","ORF1a",9,3367,3375,105,"105,106,107,108,109,110,111,112,113"
"ALLADKFPV_ORF1","CD8","ALLADKFPV","nsp14","ORF1b",9,1844,1852,321,"321,322,323,324,325,326,327,328,329"
"ALWEIQQV_ORF1","CD8","ALWEIQQV","nsp8","ORF1a",8,4094,4101,153,"153,154,155,156,157,158,159,160"
"FLAHIQWMV_ORF1","CD8","FLAHIQWMV","nsp4","ORF1a",9,3122,3130,360,"360,361,362,363,364,365,366,367,368"
"FLARGIVFM_ORF1","CD8","FLARGIVFM","nsp6","ORF1a",9,3753,3761,185,"185,186,187,188,189,190,191,192,193"
"FLPRVFSAV_ORF1","CD8","FLPRVFSAV","nsp4","ORF1a",9,2884,2892,122,"122,123,124,125,126,127,128,129,130"
"KIFVDGVPFV_ORF1","CD8","KIFVDGVPFV","nsp12","ORF1b",10,323,332,323,"323,324,325,326,327,328,329,330,331,332"
"KLSYGIATV_ORF1","CD8","KLSYGIATV","nsp13","ORF1b",9,1069,1077,147,"147,148,149,150,151,152,153,154,155"
"SALWEIQQVV_ORF1","CD8","SALWEIQQVV","nsp8","ORF1a",10,4093,4102,152,"152,153,154,155,156,157,158,159,160,161"
"SLDTYPSLETI_ORF1","CD8","SLDTYPSLETI","nsp3","ORF1a",11,2297,2307,1480,"1480,1481,1482,1483,1484,1485,1486,1487,1488,1489,1490"
"RLYYDSMSY_ORF1","CD8","RLYYDSMSY","nsp12","ORF1b",9,504,512,504,"504,505,506,507,508,509,510,511,512"
"VLNEKCSAY_ORF1","CD8","VLNEKCSAY","nsp3","ORF1a",9,852,860,35,"35,36,37,38,39,40,41,42,43"
"VVYRAFDIY_ORF1","CD8","VVYRAFDIY","nsp12","ORF1b",9,21,29,21,"21,22,23,24,25,26,27,28,29"
"LRGTAVMSL_ORF1","CD8","LRGTAVMSL","nsp16","ORF1b",9,2651,2659,255,"255,256,257,258,259,260,261,262,263"
"CTEIDPKLDNY_ORF1","CD8","CTEIDPKLDNY","nsp3","ORF1a",11,1889,1899,1072,"1072,1073,1074,1075,1076,1077,1078,1079,1080,1081,1082"
"FIPMDSTVKNY_ORF1","CD8","FIPMDSTVKNY","nsp15","ORF1b",11,2319,2329,269,"269,270,271,272,273,274,275,276,277,278,279"
"IPARARVEC_ORF1","CD8","IPARARVEC","nsp13","ORF1b",9,1257,1265,335,"335,336,337,338,339,340,341,342,343"
"IPRRNVATL_ORF1","CD8","IPRRNVATL","nsp13","ORF1b",9,1515,1523,593,"593,594,595,596,597,598,599,600,601"
"NTFTRLQSL_ORF1","CD8","NTFTRLQSL","nsp14","ORF1b",9,2045,2053,522,"522,523,524,525,526,527,528,529,530"
"YRSLPGVF_ORF1","CD8","YRSLPGVF","nsp4","ORF1a",8,3011,3018,249,"249,250,251,252,253,254,255,256"
"LYLQYIRKL_ORF1","CD8","LYLQYIRKL","nsp12","ORF1b",9,874,882,874,"874,875,876,877,878,879,880,881,882"
"MFVKHKHAF_ORF1","CD8","MFVKHKHAF","nsp6","ORF1a",9,3627,3635,59,"59,60,61,62,63,64,65,66,67"
"YFIKGLNNL_ORF1","CD8","YFIKGLNNL","nsp9","ORF1a",9,4229,4237,90,"90,91,92,93,94,95,96,97,98"
"CTDDNALAYY_ORF1","CD8","CTDDNALAYY","nsp9","ORF1a",10,4163,4172,24,"24,25,26,27,28,29,30,31,32,33"
"CTEIDPKLDNY_ORF1","CD8","CTEIDPKLDNY","nsp3","ORF1a",11,1889,1899,1072,"1072,1073,1074,1075,1076,1077,1078,1079,1080,1081,1082"
"TDLEGNFY_ORF1","CD8","TDLEGNFY","nsp5","ORF1a",8,3438,3445,176,"176,177,178,179,180,181,182,183"
"TSEDMLNPNY_ORF1","CD8","TSEDMLNPNY","nsp5","ORF1a",10,3308,3317,46,"46,47,48,49,50,51,52,53,54,55"
"YKIEELFYSY_ORF1","CD8","YKIEELFYSY","nsp14","ORF1b",10,1885,1894,362,"362,363,364,365,366,367,368,369,370,371"
"YTELEPPCRF_ORF1","CD8","YTELEPPCRF","nsp9","ORF1a",10,4206,4215,67,"67,68,69,70,71,72,73,74,75,76"
"FYAYLRKHF_ORF1","CD8","FYAYLRKHF","nsp12","ORF1b",9,736,744,736,"736,737,738,739,740,741,742,743,744"
"YFVVKRHTF_ORF1","CD8","YFVVKRHTF","nsp12","ORF1b",9,60,68,60,"60,61,62,63,64,65,66,67,68"
"HLKDGTCGL_ORF1","CD8","HLKDGTCGL","nsp1","ORF1a",9,45,53,45,"45,46,47,48,49,50,51,52,53"
"MLRIMASL_ORF1","CD8","MLRIMASL","nsp12","ORF1b",8,620,627,620,"620,621,622,623,624,625,626,627"
"VRIQPGQTF_ORF1","CD8","VRIQPGQTF","nsp5","ORF1a",9,3367,3375,105,"105,106,107,108,109,110,111,112,113"
"CTDDNALAYY_ORF1","CD8","CTDDNALAYY","nsp9","ORF1a",10,4163,4172,24,"24,25,26,27,28,29,30,31,32,33"
"CTEIDPKLDNY_ORF1","CD8","CTEIDPKLDNY","nsp3","ORF1a",11,1889,1899,1072,"1072,1073,1074,1075,1076,1077,1078,1079,1080,1081,1082"
"DSCNNYMLTY_ORF1","CD8","DSCNNYMLTY","nsp3","ORF1a",10,2668,2677,1851,"1851,1852,1853,1854,1855,1856,1857,1858,1859,1860"
"FIERYKLEGY_ORF1","CD8","FIERYKLEGY","nsp15","ORF1b",10,2272,2281,222,"222,223,224,225,226,227,228,229,230,231"
"FSAVGNICY_ORF1","CD8","FSAVGNICY","nsp4","ORF1a",9,2889,2897,127,"127,128,129,130,131,132,133,134,135"
"FTDGVCLFW_ORF1","CD8","FTDGVCLFW","nsp14","ORF1b",9,1901,1909,378,"378,379,380,381,382,383,384,385,386"
"HTQVVDMSMTY_ORF1","CD8","HTQVVDMSMTY","nsp3","ORF1a",11,1580,1590,763,"763,764,765,766,767,768,769,770,771,772,773"
"HVDTDLTKPY_ORF1","CD8","HVDTDLTKPY","nsp12","ORF1b",10,247,256,247,"247,248,249,250,251,252,253,254,255,256"
"ITDVFYKENSY_ORF1","CD8","ITDVFYKENSY","nsp3","ORF1a",11,1863,1873,1046,"1046,1047,1048,1049,1050,1051,1052,1053,1054,1055,1056"
"PTDNYITTY_ORF1","CD8","PTDNYITTY","nsp3","ORF1a",9,1321,1329,504,"504,505,506,507,508,509,510,511,512"
"TSEDMLNPNY_ORF1","CD8","TSEDMLNPNY","nsp5","ORF1a",10,3308,3317,46,"46,47,48,49,50,51,52,53,54,55"
"TTDPSFLGRYM_ORF1","CD8","TTDPSFLGRYM","nsp3","ORF1a",11,1637,1647,820,"820,821,822,823,824,825,826,827,828,829,830"
"VSSPDAVTAY_ORF1","CD8","VSSPDAVTAY","nsp3","ORF1a",10,1477,1486,660,"660,661,662,663,664,665,666,667,668,669"
"YKIEELFYSY_ORF1","CD8","YKIEELFYSY","nsp14","ORF1b",10,1885,1894,362,"362,363,364,365,366,367,368,369,370,371"
"AHAEETRKL_ORF1","CD8","AHAEETRKL","nsp3","ORF1a",9,1380,1388,563,"563,564,565,566,567,568,569,570,571"
"ASFDNFKFV_ORF1","CD8","ASFDNFKFV","nsp3","ORF1a",9,1923,1931,1106,"1106,1107,1108,1109,1110,1111,1112,1113,1114"
"ERHSLSHFV_ORF1","CD8","ERHSLSHFV","nsp3","ORF1a",9,2514,2522,1697,"1697,1698,1699,1700,1701,1702,1703,1704,1705"
"LHKPIVWHV_ORF1","CD8","LHKPIVWHV","nsp3","ORF1a",9,1986,1994,1169,"1169,1170,1171,1172,1173,1174,1175,1176,1177"
"LRPDTRYV_ORF1","CD8","LRPDTRYV","nsp4","ORF1a",8,2948,2955,186,"186,187,188,189,190,191,192,193"
"MYKGLPWNV_ORF1","CD8","MYKGLPWNV","nsp14","ORF1b",9,1677,1685,154,"154,155,156,157,158,159,160,161,162"
"NRYFRLTL_ORF1","CD8","NRYFRLTL","nsp6","ORF1a",8,3801,3808,233,"233,234,235,236,237,238,239,240"
"SAKNRARTV_ORF1","CD8","SAKNRARTV","nsp12","ORF1b",9,540,548,540,"540,541,542,543,544,545,546,547,548"
"VRQALLKTV_ORF1","CD8","VRQALLKTV","nsp12","ORF1b",9,173,181,173,"173,174,175,176,177,178,179,180,181"
"YAKPFLNKV_ORF1","CD8","YAKPFLNKV","nsp3","ORF1a",9,2141,2149,1324,"1324,1325,1326,1327,1328,1329,1330,1331,1332"
"YRYNLPTMC_ORF1","CD8","YRYNLPTMC","nsp12","ORF1b",9,447,455,447,"447,448,449,450,451,452,453,454,455"
"CTDDNALAYY_ORF1","CD8","CTDDNALAYY","nsp9","ORF1a",10,4163,4172,24,"24,25,26,27,28,29,30,31,32,33"
"CTEIDPKLDNY_ORF1","CD8","CTEIDPKLDNY","nsp3","ORF1a",11,1889,1899,1072,"1072,1073,1074,1075,1076,1077,1078,1079,1080,1081,1082"
"TTDPSFLGRY_ORF1","CD8","TTDPSFLGRY","nsp3","ORF1a",10,1637,1646,820,"820,821,822,823,824,825,826,827,828,829"
"AWPLIVTAL_ORF1","CD8","AWPLIVTAL","nsp8","ORF1a",9,4123,4131,182,"182,183,184,185,186,187,188,189,190"
"FYAYLRKHF_ORF1","CD8","FYAYLRKHF","nsp12","ORF1b",9,736,744,736,"736,737,738,739,740,741,742,743,744"
"TYACWHHSI_ORF1","CD8","TYACWHHSI","nsp14","ORF1b",9,1747,1755,224,"224,225,226,227,228,229,230,231,232"
"LTIKKPNEL_ORF1","CD8","LTIKKPNEL","nsp3","ORF1a",9,2105,2113,1288,"1288,1289,1290,1291,1292,1293,1294,1295,1296"
"LYQPPQTSI_ORF1","CD8","LYQPPQTSI","nsp4","ORF1a",9,3249,3257,487,"487,488,489,490,491,492,493,494,495"
